[{"model": "contenttypes.contenttype", "pk": 24, "fields": {"app_label": "admin", "model": "logentry"}}, {"model": "contenttypes.contenttype", "pk": 25, "fields": {"app_label": "auth", "model": "permission"}}, {"model": "contenttypes.contenttype", "pk": 26, "fields": {"app_label": "auth", "model": "group"}}, {"model": "contenttypes.contenttype", "pk": 27, "fields": {"app_label": "auth", "model": "user"}}, {"model": "contenttypes.contenttype", "pk": 28, "fields": {"app_label": "contenttypes", "model": "contenttype"}}, {"model": "contenttypes.contenttype", "pk": 29, "fields": {"app_label": "sessions", "model": "session"}}, {"model": "contenttypes.contenttype", "pk": 30, "fields": {"app_label": "sites", "model": "site"}}, {"model": "contenttypes.contenttype", "pk": 31, "fields": {"app_label": "account", "model": "emailaddress"}}, {"model": "contenttypes.contenttype", "pk": 32, "fields": {"app_label": "account", "model": "emailconfirmation"}}, {"model": "contenttypes.contenttype", "pk": 33, "fields": {"app_label": "socialaccount", "model": "socialaccount"}}, {"model": "contenttypes.contenttype", "pk": 34, "fields": {"app_label": "socialaccount", "model": "socialapp"}}, {"model": "contenttypes.contenttype", "pk": 35, "fields": {"app_label": "socialaccount", "model": "socialtoken"}}, {"model": "contenttypes.contenttype", "pk": 36, "fields": {"app_label": "products", "model": "category"}}, {"model": "contenttypes.contenttype", "pk": 37, "fields": {"app_label": "products", "model": "product"}}, {"model": "contenttypes.contenttype", "pk": 38, "fields": {"app_label": "herstories", "model": "herstory"}}, {"model": "contenttypes.contenttype", "pk": 39, "fields": {"app_label": "checkout", "model": "order"}}, {"model": "contenttypes.contenttype", "pk": 40, "fields": {"app_label": "checkout", "model": "orderlineitem"}}, {"model": "contenttypes.contenttype", "pk": 41, "fields": {"app_label": "stories", "model": "story"}}, {"model": "contenttypes.contenttype", "pk": 42, "fields": {"app_label": "profiles", "model": "userprofile"}}, {"model": "contenttypes.contenttype", "pk": 43, "fields": {"app_label": "events", "model": "event"}}, {"model": "sessions.session", "pk": "1t2h8unpsw5t7lcg5tbfg7t5fu2ewy2u", "fields": {"session_data": "NWVmODBjMjBiMTEwNzA3NWExMWQwYzRmZTdjYzNiOWZhNzBiODFmZTp7fQ==", "expire_date": "2020-09-06T17:27:29.309Z"}}, {"model": "sessions.session", "pk": "2duvurlcml1f95bquamviiv4mr02bkex", "fields": {"session_data": "NWVmODBjMjBiMTEwNzA3NWExMWQwYzRmZTdjYzNiOWZhNzBiODFmZTp7fQ==", "expire_date": "2020-09-06T17:33:08.573Z"}}, {"model": "sessions.session", "pk": "2wk6t6hy3z21i5r8b47s56p6u724coj1", "fields": {"session_data": "OGM2YzRmMGYzNTIyZTdhYTc0MDhhNDk4ODRhNTc3NDQ1YTYwNTc4NDp7Il9hdXRoX3VzZXJfaWQiOiIxIiwiX2F1dGhfdXNlcl9iYWNrZW5kIjoiZGphbmdvLmNvbnRyaWIuYXV0aC5iYWNrZW5kcy5Nb2RlbEJhY2tlbmQiLCJfYXV0aF91c2VyX2hhc2giOiI3ODZjYWE5NjU5YTI3YjVhN2RhZmZlNzhlMWY2MzUwYmNlZDE1MTIxIiwiX3Nlc3Npb25fZXhwaXJ5IjowLCJiYWciOnsiMSI6MSwiMyI6MX19", "expire_date": "2020-08-19T12:00:56.306Z"}}, {"model": "sessions.session", "pk": "3pq9i0q9vwcycv1572akgyn1dqxsph2r", "fields": {"session_data": "YjI1ODhmN2JkN2E0YWM5NDY3YjJkODAwNjNkNmRkYjczNjhlMTdmMDp7ImJhZyI6eyIyIjoyLCI0IjozLCIzIjoxfSwiX2F1dGhfdXNlcl9pZCI6IjEiLCJfYXV0aF91c2VyX2JhY2tlbmQiOiJkamFuZ28uY29udHJpYi5hdXRoLmJhY2tlbmRzLk1vZGVsQmFja2VuZCIsIl9hdXRoX3VzZXJfaGFzaCI6Ijc4NmNhYTk2NTlhMjdiNWE3ZGFmZmU3OGUxZjYzNTBiY2VkMTUxMjEifQ==", "expire_date": "2020-08-23T12:31:51.516Z"}}, {"model": "sessions.session", "pk": "3uhyp85033cyqdstw5ys2adr0rqu4cqx", "fields": {"session_data": "ZDE2NWY0YzgxM2FhMWJkZGVmZDhlM2E1ODNjYzI1YjIxZmViN2IxMjp7ImJhZyI6eyIzIjoxfX0=", "expire_date": "2020-08-28T09:46:22.996Z"}}, {"model": "sessions.session", "pk": "440dsvbnvju3lipu25531xqaw0jpa1ev", "fields": {"session_data": "YWYwMDBiMWE0MzA1Y2RiOTFkMjFkMjhhOGUwMTgyYzQzOTQ5MDcyYzp7fQ==", "expire_date": "2020-09-08T08:14:41.861Z"}}, {"model": "sessions.session", "pk": "4ajn1jfousn4aej39f0jbbraynf75st3", "fields": {"session_data": "YmI3ZGM3MTg1ZGY0MDYzMDM1OWRmYzI0Y2U2M2YyY2Y0ZTk0MGUxMjp7Il9zZXNzaW9uX2V4cGlyeSI6MH0=", "expire_date": "2020-09-06T18:53:25.414Z"}}, {"model": "sessions.session", "pk": "5kbu6m1cz2jn1iakukeco3uncj2e58xs", "fields": {"session_data": "NzY3NjNiNTA0MjczNGI3MDk1OGMwOWM0NWNhM2NhN2I5ZTk2ZTI2ODp7Il9hdXRoX3VzZXJfaWQiOiI1IiwiX2F1dGhfdXNlcl9iYWNrZW5kIjoiZGphbmdvLmNvbnRyaWIuYXV0aC5iYWNrZW5kcy5Nb2RlbEJhY2tlbmQiLCJfYXV0aF91c2VyX2hhc2giOiJjYTk0YjM2YzYyMmZmOTJlNDFmNmE5NTg5YWExNWIzOWFmMDIxODU4IiwiX3Nlc3Npb25fZXhwaXJ5IjowLCJiYWciOnsiMiI6MSwiMyI6MX19", "expire_date": "2020-10-06T06:05:47.157Z"}}, {"model": "sessions.session", "pk": "6asin8acoeh5vvmbddu8l96yttvnxxb7", "fields": {"session_data": "NWVmODBjMjBiMTEwNzA3NWExMWQwYzRmZTdjYzNiOWZhNzBiODFmZTp7fQ==", "expire_date": "2020-09-06T17:25:16.377Z"}}, {"model": "sessions.session", "pk": "7qtrubqqjxvitz3ys5pxeo5zd6p2n7nk", "fields": {"session_data": "YWYwMDBiMWE0MzA1Y2RiOTFkMjFkMjhhOGUwMTgyYzQzOTQ5MDcyYzp7fQ==", "expire_date": "2020-09-08T07:05:38.373Z"}}, {"model": "sessions.session", "pk": "9ishhbjdh66m6t6frcfhzynlqovc3cfe", "fields": {"session_data": "ZDUzY2ZmZWU0ZGUwYWQ0YWRiY2QwM2Q2NDIxOGMyNzdlNjhhMjRiNTp7Il9hdXRoX3VzZXJfaWQiOiI1IiwiX2F1dGhfdXNlcl9iYWNrZW5kIjoiZGphbmdvLmNvbnRyaWIuYXV0aC5iYWNrZW5kcy5Nb2RlbEJhY2tlbmQiLCJfYXV0aF91c2VyX2hhc2giOiIyNzdmZDFmYjc4ZWNiOTBlYmY2M2FhOGRlMGI2YWJjYzA3ZDI5NTE2IiwiX3Nlc3Npb25fZXhwaXJ5IjowfQ==", "expire_date": "2020-09-12T13:17:11.598Z"}}, {"model": "sessions.session", "pk": "amu669dalaidcbhvnbtwpqa8pvosdorx", "fields": {"session_data": "YWYwMDBiMWE0MzA1Y2RiOTFkMjFkMjhhOGUwMTgyYzQzOTQ5MDcyYzp7fQ==", "expire_date": "2020-09-08T06:37:30.613Z"}}, {"model": "sessions.session", "pk": "byxvahhkko7ul47dbxb5a2wzx4uyceg2", "fields": {"session_data": "NWZjNjdlMzA0NWU2NGIwZDM5Y2I3NTZkOWJkOTU5MTE2Y2FjZDljYjp7ImJhZyI6eyIxIjp7Iml0ZW1zX2J5X3NpemUiOnsibSI6MX19fX0=", "expire_date": "2020-09-02T06:33:32.710Z"}}, {"model": "sessions.session", "pk": "ckmb66lcvxfoy7j2oswfdmjxywwc7bgv", "fields": {"session_data": "NzVlZWIyZjlkYTRmZjZkYzY4NGM5NmRjOTg5Y2NhZmUyODM1Yzg1NTp7ImJhZyI6eyIxIjp7Iml0ZW1zX2J5X3NpemUiOnsibSI6Mn19LCIzIjoxfX0=", "expire_date": "2020-08-28T09:49:11.804Z"}}, {"model": "sessions.session", "pk": "i0jd9xz5qmqx3z90v2e8qzkc9d6eud9z", "fields": {"session_data": "NWVmODBjMjBiMTEwNzA3NWExMWQwYzRmZTdjYzNiOWZhNzBiODFmZTp7fQ==", "expire_date": "2020-09-06T17:23:46.348Z"}}, {"model": "sessions.session", "pk": "ikd18lois25fvyn6d1uz77zskjzrk0mk", "fields": {"session_data": "MWQ3MDYzYTNjMmM3ZDkyMmM3MzdjNjUzNzQwODQxNDRlOTQ2N2QxYzp7Il9hdXRoX3VzZXJfaWQiOiI1IiwiX2F1dGhfdXNlcl9iYWNrZW5kIjoiZGphbmdvLmNvbnRyaWIuYXV0aC5iYWNrZW5kcy5Nb2RlbEJhY2tlbmQiLCJfYXV0aF91c2VyX2hhc2giOiJjYTk0YjM2YzYyMmZmOTJlNDFmNmE5NTg5YWExNWIzOWFmMDIxODU4IiwiX3Nlc3Npb25fZXhwaXJ5IjowLCJzYXZlX2luZm8iOnRydWV9", "expire_date": "2020-10-15T05:39:12.839Z"}}, {"model": "sessions.session", "pk": "meotpcaqbmiq743k2dw3ryp2ibe3xgb8", "fields": {"session_data": "NWVmODBjMjBiMTEwNzA3NWExMWQwYzRmZTdjYzNiOWZhNzBiODFmZTp7fQ==", "expire_date": "2020-09-06T17:23:05.463Z"}}, {"model": "sessions.session", "pk": "ola3klfayv3y4bd2ifqi8g7n70ong9ba", "fields": {"session_data": "ZWM0MDMwM2Q3NDU0ZDI5ODcyZDU3MGI2NWE3NGVkNThmZjVmZGQ0MTp7Il9hdXRoX3VzZXJfaWQiOiI1IiwiX2F1dGhfdXNlcl9iYWNrZW5kIjoiZGphbmdvLmNvbnRyaWIuYXV0aC5iYWNrZW5kcy5Nb2RlbEJhY2tlbmQiLCJfYXV0aF91c2VyX2hhc2giOiIyNzdmZDFmYjc4ZWNiOTBlYmY2M2FhOGRlMGI2YWJjYzA3ZDI5NTE2In0=", "expire_date": "2020-09-12T11:20:13.699Z"}}, {"model": "sessions.session", "pk": "pulsacsagbxdxfx6c34ynewpfnny00ik", "fields": {"session_data": "ZDE2NWY0YzgxM2FhMWJkZGVmZDhlM2E1ODNjYzI1YjIxZmViN2IxMjp7ImJhZyI6eyIzIjoxfX0=", "expire_date": "2020-08-28T14:49:34.465Z"}}, {"model": "sessions.session", "pk": "r6wjxhn7bw72x0sbp6w2eagpyqx1921u", "fields": {"session_data": "NGY4MTMwODdhZTRiZTBmYTI3NDkyZDYyZGZjNWQyMzYwMmNhMmZmNzp7Il9hdXRoX3VzZXJfaWQiOiI2IiwiX2F1dGhfdXNlcl9iYWNrZW5kIjoiZGphbmdvLmNvbnRyaWIuYXV0aC5iYWNrZW5kcy5Nb2RlbEJhY2tlbmQiLCJfYXV0aF91c2VyX2hhc2giOiJjYjI5ZDY5MjM3NjdjMWFmMTNjMmNkYjY1ODI1YjQwYzgzMDNkZTQ4IiwiYmFnIjp7IjMiOjF9fQ==", "expire_date": "2020-09-13T14:22:10.772Z"}}, {"model": "sessions.session", "pk": "s3nvpziwvglwepslg66cg9zr4ejlm5tl", "fields": {"session_data": "MWQ3MDYzYTNjMmM3ZDkyMmM3MzdjNjUzNzQwODQxNDRlOTQ2N2QxYzp7Il9hdXRoX3VzZXJfaWQiOiI1IiwiX2F1dGhfdXNlcl9iYWNrZW5kIjoiZGphbmdvLmNvbnRyaWIuYXV0aC5iYWNrZW5kcy5Nb2RlbEJhY2tlbmQiLCJfYXV0aF91c2VyX2hhc2giOiJjYTk0YjM2YzYyMmZmOTJlNDFmNmE5NTg5YWExNWIzOWFmMDIxODU4IiwiX3Nlc3Npb25fZXhwaXJ5IjowLCJzYXZlX2luZm8iOnRydWV9", "expire_date": "2020-10-15T06:01:59.488Z"}}, {"model": "sessions.session", "pk": "stobo2gn7y2geh7onhzf6hj6gg021q3x", "fields": {"session_data": "YTE5ZDg3MDQxOWExZTU5MjA4MmE1MzllZTRmZmUzZmIyZGZkYzFhZTp7Il9hdXRoX3VzZXJfaWQiOiI1IiwiX2F1dGhfdXNlcl9iYWNrZW5kIjoiZGphbmdvLmNvbnRyaWIuYXV0aC5iYWNrZW5kcy5Nb2RlbEJhY2tlbmQiLCJfYXV0aF91c2VyX2hhc2giOiJjYTk0YjM2YzYyMmZmOTJlNDFmNmE5NTg5YWExNWIzOWFmMDIxODU4IiwiX3Nlc3Npb25fZXhwaXJ5IjowfQ==", "expire_date": "2020-10-03T10:14:26.079Z"}}, {"model": "sessions.session", "pk": "tbru5hrr0fxuxrplm63l5zz95fbjzsa6", "fields": {"session_data": "MWQ3MDYzYTNjMmM3ZDkyMmM3MzdjNjUzNzQwODQxNDRlOTQ2N2QxYzp7Il9hdXRoX3VzZXJfaWQiOiI1IiwiX2F1dGhfdXNlcl9iYWNrZW5kIjoiZGphbmdvLmNvbnRyaWIuYXV0aC5iYWNrZW5kcy5Nb2RlbEJhY2tlbmQiLCJfYXV0aF91c2VyX2hhc2giOiJjYTk0YjM2YzYyMmZmOTJlNDFmNmE5NTg5YWExNWIzOWFmMDIxODU4IiwiX3Nlc3Npb25fZXhwaXJ5IjowLCJzYXZlX2luZm8iOnRydWV9", "expire_date": "2020-09-14T17:10:32.234Z"}}, {"model": "sessions.session", "pk": "vy686iy25dmw9kjqm1ejuvhx5xvbc8nf", "fields": {"session_data": "ZDQ5MmFkNTYwMjE4ODM3NGIzNzA5ZDU4MzA5OWQ2YzI0ZTc4NzZlNDp7InNhdmVfaW5mbyI6ZmFsc2UsIl9hdXRoX3VzZXJfaWQiOiI1IiwiX2F1dGhfdXNlcl9iYWNrZW5kIjoiZGphbmdvLmNvbnRyaWIuYXV0aC5iYWNrZW5kcy5Nb2RlbEJhY2tlbmQiLCJfYXV0aF91c2VyX2hhc2giOiJjYTk0YjM2YzYyMmZmOTJlNDFmNmE5NTg5YWExNWIzOWFmMDIxODU4IiwiX3Nlc3Npb25fZXhwaXJ5IjowfQ==", "expire_date": "2020-09-29T05:01:35.171Z"}}, {"model": "sessions.session", "pk": "wub5gjjcjy711gvwm85zfc9fm2djljir", "fields": {"session_data": "NWVmODBjMjBiMTEwNzA3NWExMWQwYzRmZTdjYzNiOWZhNzBiODFmZTp7fQ==", "expire_date": "2020-09-06T17:29:22.512Z"}}, {"model": "sessions.session", "pk": "x5fs638c31w2ueuwl16kgz7qqt7z59dq", "fields": {"session_data": "ZTM1NTIzYzcyZDI0MzNiY2E4NGEzYzMwMGNlYjY4MWMxNjdlOGM2MDp7Il9hdXRoX3VzZXJfaWQiOiIxIiwiX2F1dGhfdXNlcl9iYWNrZW5kIjoiZGphbmdvLmNvbnRyaWIuYXV0aC5iYWNrZW5kcy5Nb2RlbEJhY2tlbmQiLCJfYXV0aF91c2VyX2hhc2giOiJmZWEyZmQzZTZmNjRmZjlkZDU2ZWY0MmNiNjlhODk5YTE1MmQ4YjdkIiwiX3Nlc3Npb25fZXhwaXJ5IjowfQ==", "expire_date": "2020-08-16T11:23:20.579Z"}}, {"model": "sessions.session", "pk": "zl089hrxkr0qpvob2xvr6ltxg1et53yv", "fields": {"session_data": "NWVmODBjMjBiMTEwNzA3NWExMWQwYzRmZTdjYzNiOWZhNzBiODFmZTp7fQ==", "expire_date": "2020-09-06T17:32:32.594Z"}}, {"model": "sites.site", "pk": 1, "fields": {"domain": "girlsontherun.example.com", "name": "Girls On The Run"}}, {"model": "products.category", "pk": 1, "fields": {"name": "activewear", "friendly_name": "Activewear"}}, {"model": "products.product", "pk": 1, "fields": {"category": null, "sku": "01", "name": "Leggings", "description": "Seemless running high waisted leggings in black", "has_sizes": true, "price": "25.00", "rating": null, "image_url": null, "image": "girlsrun_leggings_l9AizrO.jpg"}}, {"model": "products.product", "pk": 2, "fields": {"category": null, "sku": "02", "name": "Bandana", "description": "Windproof GORE-TEX bandana in black", "has_sizes": false, "price": "15.00", "rating": null, "image_url": null, "image": "girlsrun_bandana.jpg"}}, {"model": "products.product", "pk": 3, "fields": {"category": null, "sku": "03", "name": "Drink Bottle", "description": "Black leakproof, reusable sports drinks bottle, 1 litre", "has_sizes": false, "price": "10.00", "rating": null, "image_url": null, "image": "girlsrun_bottle.jpg"}}, {"model": "products.product", "pk": 4, "fields": {"category": null, "sku": "04", "name": "Cap", "description": "Lightweight soft breathable baseball cap in black", "has_sizes": true, "price": "18.00", "rating": null, "image_url": null, "image": "girlsrun_hat.jpg"}}, {"model": "products.product", "pk": 5, "fields": {"category": null, "sku": "05", "name": "Shorts", "description": "Black running shorts made from lightweight quick drying material", "has_sizes": true, "price": "20.00", "rating": null, "image_url": null, "image": "girlsrun_shorts.jpg"}}, {"model": "products.product", "pk": 6, "fields": {"category": null, "sku": "06", "name": "T Shirt", "description": "Short sleeved running shirt. Breathable. quick drying material in black", "has_sizes": true, "price": "20.00", "rating": null, "image_url": null, "image": "girlsrun_tshirt.jpg"}}, {"model": "checkout.order", "pk": 68, "fields": {"order_number": "3B5F095A57B14D7C8E6AFB64865DD3F3", "user_profile": 4, "full_name": "Super", "email": "gary.coldwellsimons@gmail.com", "phone_number": "1234567890", "country": "NL", "postcode": "BN1 7XY", "town_or_city": "AnyTown", "street_address1": "Street Name", "street_address2": null, "county": "AnyCounty", "date": "2020-08-31T12:47:38.097Z", "delivery_cost": "0.00", "order_total": "0.00", "grand_total": "0.00", "original_bag": "{\"8\": 1}", "stripe_pid": "pi_1HMCPUHmKj7vq2IsoGI9Owi6"}}, {"model": "checkout.order", "pk": 69, "fields": {"order_number": "11DDEDC7732E49428939447DF7A93D69", "user_profile": 4, "full_name": "Gman", "email": "super@email.com", "phone_number": "1234567890", "country": "NL", "postcode": "BN1 7XY", "town_or_city": "AnyTown", "street_address1": "Street Name", "street_address2": null, "county": "AnyCounty", "date": "2020-08-31T17:10:31.819Z", "delivery_cost": "1.00", "order_total": "10.00", "grand_total": "11.00", "original_bag": "{\"3\": 1}", "stripe_pid": "pi_1HMGW9HmKj7vq2Isu27hhP23"}}, {"model": "checkout.order", "pk": 70, "fields": {"order_number": "83BEEDF9E96C416DBA37504F0E9D135D", "user_profile": 4, "full_name": "Dave", "email": "super@email.com", "phone_number": "1234567890", "country": "NL", "postcode": "BN1 7XY", "town_or_city": "AnyTown", "street_address1": "Street Name", "street_address2": null, "county": "AnyCounty", "date": "2020-09-10T04:25:01.981Z", "delivery_cost": "4.00", "order_total": "40.00", "grand_total": "44.00", "original_bag": "{\"6\": {\"items_by_size\": {\"m\": 2}}}", "stripe_pid": "pi_1HPhKpHmKj7vq2Is1EG7JxFF"}}, {"model": "checkout.order", "pk": 71, "fields": {"order_number": "AAAC0A26B60A4AE282B07E48027B6C51", "user_profile": 4, "full_name": "Dave", "email": "super@email.com", "phone_number": "1234567890", "country": "NL", "postcode": "BN1 7XY", "town_or_city": "AnyTown", "street_address1": "Street Name", "street_address2": null, "county": "AnyCounty", "date": "2020-09-10T04:26:07.630Z", "delivery_cost": "2.50", "order_total": "25.00", "grand_total": "27.50", "original_bag": "{\"1\": {\"items_by_size\": {\"m\": 1}}}", "stripe_pid": "pi_1HPhLyHmKj7vq2IsqDbdOy6E"}}, {"model": "checkout.order", "pk": 72, "fields": {"order_number": "C02FC5A04B0D457996693063ACB22136", "user_profile": 4, "full_name": "Dave", "email": "super@email.com", "phone_number": "1234567890", "country": "NL", "postcode": "BN1 7XY", "town_or_city": "AnyTown", "street_address1": "Street Name", "street_address2": null, "county": "AnyCounty", "date": "2020-09-10T04:26:50.248Z", "delivery_cost": "1.50", "order_total": "15.00", "grand_total": "16.50", "original_bag": "{\"2\": 1}", "stripe_pid": "pi_1HPhMmHmKj7vq2IscF1RnZCR"}}, {"model": "checkout.order", "pk": 73, "fields": {"order_number": "520B5E2B1BD54791A94FF5CCC1A60AF9", "user_profile": 4, "full_name": "Dave", "email": "super@email.com", "phone_number": "1234567890", "country": "NL", "postcode": "BN1 7XY", "town_or_city": "AnyTown", "street_address1": "Street Name", "street_address2": null, "county": "AnyCounty", "date": "2020-09-10T06:05:23.912Z", "delivery_cost": "1.00", "order_total": "10.00", "grand_total": "11.00", "original_bag": "{\"3\": 1}", "stripe_pid": "pi_1HPiu4HmKj7vq2IsAexSn7Wi"}}, {"model": "checkout.order", "pk": 74, "fields": {"order_number": "E4BE8EE9B6144C7BAF0EDEB49868925D", "user_profile": 4, "full_name": "Dave", "email": "super@email.com", "phone_number": "1234567890", "country": "NL", "postcode": "BN1 7XY", "town_or_city": "AnyTown", "street_address1": "Street Name", "street_address2": null, "county": "AnyCounty", "date": "2020-09-10T06:13:56.012Z", "delivery_cost": "1.00", "order_total": "10.00", "grand_total": "11.00", "original_bag": "{\"3\": 1}", "stripe_pid": "pi_1HPj2IHmKj7vq2IsvRNPbCF1"}}, {"model": "checkout.order", "pk": 75, "fields": {"order_number": "4388B7197EB44243AE871DBF5887B504", "user_profile": 4, "full_name": "Dave", "email": "super@email.com", "phone_number": "1234567890", "country": "NL", "postcode": "BN1 7XY", "town_or_city": "AnyTown", "street_address1": "Street Name", "street_address2": null, "county": "AnyCounty", "date": "2020-09-10T06:16:06.682Z", "delivery_cost": "1.00", "order_total": "10.00", "grand_total": "11.00", "original_bag": "{\"3\": 1}", "stripe_pid": "pi_1HPj4UHmKj7vq2IsFnUItDgC"}}, {"model": "checkout.order", "pk": 76, "fields": {"order_number": "941ED4E6047F44FBA80C68537FBAC925", "user_profile": 4, "full_name": "Dave", "email": "super@email.com", "phone_number": "1234567890", "country": "NL", "postcode": "BN1 7XY", "town_or_city": "AnyTown", "street_address1": "Street Name", "street_address2": null, "county": "AnyCounty", "date": "2020-09-10T06:28:29.885Z", "delivery_cost": "1.00", "order_total": "10.00", "grand_total": "11.00", "original_bag": "{\"3\": 1}", "stripe_pid": "pi_1HPjGDHmKj7vq2Is3Aq8etdJ"}}, {"model": "checkout.order", "pk": 77, "fields": {"order_number": "F620D73752AE4699BFCC255CD0FF525A", "user_profile": 4, "full_name": "Dave", "email": "super@email.com", "phone_number": "1234567890", "country": "NL", "postcode": "BN1 7XY", "town_or_city": "AnyTown", "street_address1": "Street Name", "street_address2": null, "county": "AnyCounty", "date": "2020-09-10T06:29:14.498Z", "delivery_cost": "1.00", "order_total": "10.00", "grand_total": "11.00", "original_bag": "{\"3\": 1}", "stripe_pid": "pi_1HPjHAHmKj7vq2IsYVibT1ob"}}, {"model": "checkout.order", "pk": 78, "fields": {"order_number": "ACCECD49A8E54D7384279B2B7EF93DCC", "user_profile": 4, "full_name": "Dave", "email": "super@email.com", "phone_number": "1234567890", "country": "NL", "postcode": "BN1 7XY", "town_or_city": "AnyTown", "street_address1": "Street Name", "street_address2": null, "county": "AnyCounty", "date": "2020-09-10T06:30:45.874Z", "delivery_cost": "1.50", "order_total": "15.00", "grand_total": "16.50", "original_bag": "{\"2\": 1}", "stripe_pid": "pi_1HPjIcHmKj7vq2IsTVoXEzoh"}}, {"model": "checkout.order", "pk": 79, "fields": {"order_number": "E260F43AD26542CF8237A4A7AF4B1F89", "user_profile": 4, "full_name": "Dave", "email": "super@email.com", "phone_number": "1234567890", "country": "NL", "postcode": "BN1 7XY", "town_or_city": "AnyTown", "street_address1": "Street Name", "street_address2": null, "county": "AnyCounty", "date": "2020-09-10T06:33:03.899Z", "delivery_cost": "2.00", "order_total": "20.00", "grand_total": "22.00", "original_bag": "{\"6\": {\"items_by_size\": {\"m\": 1}}}", "stripe_pid": "pi_1HPjKrHmKj7vq2IsGFscjfpb"}}, {"model": "checkout.order", "pk": 80, "fields": {"order_number": "D43AC88D82344474B87E463017EE260B", "user_profile": 4, "full_name": "Dave", "email": "super@email.com", "phone_number": "1234567890", "country": "NL", "postcode": "BN1 7XY", "town_or_city": "AnyTown", "street_address1": "Street Name", "street_address2": null, "county": "AnyCounty", "date": "2020-09-11T04:33:07.091Z", "delivery_cost": "1.00", "order_total": "10.00", "grand_total": "11.00", "original_bag": "{\"3\": 1}", "stripe_pid": "pi_1HQ3wMHmKj7vq2IsYsNxpBV7"}}, {"model": "checkout.order", "pk": 81, "fields": {"order_number": "B7C2975890E04F8E88C9DC1D898CF023", "user_profile": 4, "full_name": "Dave", "email": "super@email.com", "phone_number": "1234567890", "country": "NL", "postcode": "BN1 7XY", "town_or_city": "AnyTown", "street_address1": "Street Name", "street_address2": null, "county": "AnyCounty", "date": "2020-09-12T10:20:12.899Z", "delivery_cost": "1.50", "order_total": "15.00", "grand_total": "16.50", "original_bag": "{\"2\": 1}", "stripe_pid": "pi_1HQVpRHmKj7vq2Is8ljFX4L8"}}, {"model": "checkout.order", "pk": 82, "fields": {"order_number": "012F0A62FDF044FB828758DE225D56CC", "user_profile": 4, "full_name": "Dave", "email": "super@email.com", "phone_number": "1234567890", "country": "NL", "postcode": "BN1 7XY", "town_or_city": "AnyTown", "street_address1": "Street Name", "street_address2": null, "county": "AnyCounty", "date": "2020-09-12T13:50:25.336Z", "delivery_cost": "1.50", "order_total": "15.00", "grand_total": "16.50", "original_bag": "{\"2\": 1}", "stripe_pid": "pi_1HQZ6sHmKj7vq2IseL7k5QvC"}}, {"model": "checkout.order", "pk": 83, "fields": {"order_number": "A79B7C10C4AF48F0848986E994E78471", "user_profile": null, "full_name": "Newton", "email": "test@test.com", "phone_number": "0123465789", "country": "FR", "postcode": "France", "town_or_city": "France", "street_address1": "France, France", "street_address2": "France", "county": "France", "date": "2020-09-15T04:52:42.840Z", "delivery_cost": "1.50", "order_total": "15.00", "grand_total": "16.50", "original_bag": "{\"2\": 1}", "stripe_pid": "pi_1HRW9YHmKj7vq2IsyY6Oc57o"}}, {"model": "checkout.order", "pk": 84, "fields": {"order_number": "59C7B86BF248419CA597706132186700", "user_profile": 4, "full_name": "Dan", "email": "super@email.com", "phone_number": "1234567890", "country": "NL", "postcode": "BN1 7XY", "town_or_city": "AnyTown", "street_address1": "Street Name", "street_address2": null, "county": "AnyCounty", "date": "2020-09-27T14:01:04.094Z", "delivery_cost": "2.50", "order_total": "25.00", "grand_total": "27.50", "original_bag": "{\"1\": {\"items_by_size\": {\"m\": 1}}}", "stripe_pid": "pi_1HW0QjHmKj7vq2IsLNvvlhre"}}, {"model": "checkout.order", "pk": 85, "fields": {"order_number": "268E24E6AE55440183C365A6DC0C771C", "user_profile": 4, "full_name": "Tray", "email": "super@email.com", "phone_number": "1234567890", "country": "NL", "postcode": "BN1 7XY", "town_or_city": "AnyTown", "street_address1": "Street Name", "street_address2": null, "county": "AnyCounty", "date": "2020-10-01T04:14:32.593Z", "delivery_cost": "3.50", "order_total": "35.00", "grand_total": "38.50", "original_bag": "{\"1\": {\"items_by_size\": {\"m\": 1}}, \"3\": 1}", "stripe_pid": "pi_1HXJBJHmKj7vq2Isl01IaOPM"}}, {"model": "checkout.order", "pk": 86, "fields": {"order_number": "4199339E7E774FEBB3C3584F700BE1AC", "user_profile": 4, "full_name": "Trish", "email": "super@email.com", "phone_number": "1234567890", "country": "NL", "postcode": "BN1 7XY", "town_or_city": "AnyTown", "street_address1": "Street Name", "street_address2": null, "county": "AnyCounty", "date": "2020-10-01T04:40:09.439Z", "delivery_cost": "1.00", "order_total": "10.00", "grand_total": "11.00", "original_bag": "{\"3\": 1}", "stripe_pid": "pi_1HXJa4HmKj7vq2IsD5cDaG8Z"}}, {"model": "checkout.order", "pk": 87, "fields": {"order_number": "31D2D9ECFA554717904959CF64F60DA5", "user_profile": 4, "full_name": "Dave", "email": "super@email.com", "phone_number": "1234567890", "country": "NL", "postcode": "BN1 7XY", "town_or_city": "AnyTown", "street_address1": "Street Name", "street_address2": null, "county": "AnyCounty", "date": "2020-10-01T04:44:09.389Z", "delivery_cost": "1.50", "order_total": "15.00", "grand_total": "16.50", "original_bag": "{\"2\": 1}", "stripe_pid": "pi_1HXJdqHmKj7vq2IsilI86fCR"}}, {"model": "checkout.order", "pk": 88, "fields": {"order_number": "60290B58D6CE4698871FCDF730B3B62A", "user_profile": 4, "full_name": "Dave", "email": "super@email.com", "phone_number": "1234567890", "country": "NL", "postcode": "BN1 7XY", "town_or_city": "AnyTown", "street_address1": "Street Name", "street_address2": null, "county": "AnyCounty", "date": "2020-10-01T05:21:42.898Z", "delivery_cost": "1.00", "order_total": "10.00", "grand_total": "11.00", "original_bag": "{\"3\": 1}", "stripe_pid": "pi_1HXKDvHmKj7vq2IskkY22K7z"}}, {"model": "checkout.order", "pk": 89, "fields": {"order_number": "A4F1A06AD7DA4323B3E35F57E55986B2", "user_profile": 4, "full_name": "Kate", "email": "super@email.com", "phone_number": "1234567890", "country": "NL", "postcode": "BN1 7XY", "town_or_city": "AnyTown", "street_address1": "Street Name", "street_address2": null, "county": "AnyCounty", "date": "2020-10-01T05:39:12.592Z", "delivery_cost": "1.50", "order_total": "15.00", "grand_total": "16.50", "original_bag": "{\"2\": 1}", "stripe_pid": "pi_1HXKVBHmKj7vq2IspmrUJxka"}}, {"model": "checkout.order", "pk": 90, "fields": {"order_number": "1039066E89E942408894322785C2819B", "user_profile": 4, "full_name": "Jen", "email": "super@email.com", "phone_number": "1234567890", "country": "NL", "postcode": "BN1 7XY", "town_or_city": "AnyTown", "street_address1": "Street Name", "street_address2": null, "county": "AnyCounty", "date": "2020-10-01T06:01:59.222Z", "delivery_cost": "2.00", "order_total": "20.00", "grand_total": "22.00", "original_bag": "{\"5\": {\"items_by_size\": {\"m\": 1}}}", "stripe_pid": "pi_1HXKrEHmKj7vq2IsK5R6iY0X"}}, {"model": "checkout.orderlineitem", "pk": 77, "fields": {"order": 69, "product": 3, "product_size": null, "quantity": 1, "lineitem_total": "10.00"}}, {"model": "checkout.orderlineitem", "pk": 78, "fields": {"order": 70, "product": 6, "product_size": "m", "quantity": 2, "lineitem_total": "40.00"}}, {"model": "checkout.orderlineitem", "pk": 79, "fields": {"order": 71, "product": 1, "product_size": "m", "quantity": 1, "lineitem_total": "25.00"}}, {"model": "checkout.orderlineitem", "pk": 80, "fields": {"order": 72, "product": 2, "product_size": null, "quantity": 1, "lineitem_total": "15.00"}}, {"model": "checkout.orderlineitem", "pk": 81, "fields": {"order": 73, "product": 3, "product_size": null, "quantity": 1, "lineitem_total": "10.00"}}, {"model": "checkout.orderlineitem", "pk": 82, "fields": {"order": 74, "product": 3, "product_size": null, "quantity": 1, "lineitem_total": "10.00"}}, {"model": "checkout.orderlineitem", "pk": 83, "fields": {"order": 75, "product": 3, "product_size": null, "quantity": 1, "lineitem_total": "10.00"}}, {"model": "checkout.orderlineitem", "pk": 84, "fields": {"order": 76, "product": 3, "product_size": null, "quantity": 1, "lineitem_total": "10.00"}}, {"model": "checkout.orderlineitem", "pk": 85, "fields": {"order": 77, "product": 3, "product_size": null, "quantity": 1, "lineitem_total": "10.00"}}, {"model": "checkout.orderlineitem", "pk": 86, "fields": {"order": 78, "product": 2, "product_size": null, "quantity": 1, "lineitem_total": "15.00"}}, {"model": "checkout.orderlineitem", "pk": 87, "fields": {"order": 79, "product": 6, "product_size": "m", "quantity": 1, "lineitem_total": "20.00"}}, {"model": "checkout.orderlineitem", "pk": 88, "fields": {"order": 80, "product": 3, "product_size": null, "quantity": 1, "lineitem_total": "10.00"}}, {"model": "checkout.orderlineitem", "pk": 89, "fields": {"order": 81, "product": 2, "product_size": null, "quantity": 1, "lineitem_total": "15.00"}}, {"model": "checkout.orderlineitem", "pk": 90, "fields": {"order": 82, "product": 2, "product_size": null, "quantity": 1, "lineitem_total": "15.00"}}, {"model": "checkout.orderlineitem", "pk": 91, "fields": {"order": 83, "product": 2, "product_size": null, "quantity": 1, "lineitem_total": "15.00"}}, {"model": "checkout.orderlineitem", "pk": 92, "fields": {"order": 84, "product": 1, "product_size": "m", "quantity": 1, "lineitem_total": "25.00"}}, {"model": "checkout.orderlineitem", "pk": 93, "fields": {"order": 85, "product": 1, "product_size": "m", "quantity": 1, "lineitem_total": "25.00"}}, {"model": "checkout.orderlineitem", "pk": 94, "fields": {"order": 85, "product": 3, "product_size": null, "quantity": 1, "lineitem_total": "10.00"}}, {"model": "checkout.orderlineitem", "pk": 95, "fields": {"order": 86, "product": 3, "product_size": null, "quantity": 1, "lineitem_total": "10.00"}}, {"model": "checkout.orderlineitem", "pk": 96, "fields": {"order": 87, "product": 2, "product_size": null, "quantity": 1, "lineitem_total": "15.00"}}, {"model": "checkout.orderlineitem", "pk": 97, "fields": {"order": 88, "product": 3, "product_size": null, "quantity": 1, "lineitem_total": "10.00"}}, {"model": "checkout.orderlineitem", "pk": 98, "fields": {"order": 89, "product": 2, "product_size": null, "quantity": 1, "lineitem_total": "15.00"}}, {"model": "checkout.orderlineitem", "pk": 99, "fields": {"order": 90, "product": 5, "product_size": "m", "quantity": 1, "lineitem_total": "20.00"}}, {"model": "stories.story", "pk": 1, "fields": {"full_name": "Harriette Ellisson", "age": 41, "occupation": "Solicitor", "details": "I run because it gives me time to clear my head and get away from any worries I\u2019ve been carrying around with me. I feel focused and in control and all my worries seem far away.", "image": "herstory_1.jpg"}}, {"model": "stories.story", "pk": 2, "fields": {"full_name": "Adrianne Dexter", "age": 44, "occupation": "Social Worker", "details": "I run because I can. Simple. A few years ago I became very ill. It knocked health and confidence, and made me shut the world out. Now I\u2019m healthy and I want to celebrate life. I never want to take it for granted. It can be taken away in an instant.", "image": "herstory_2.jpg"}}, {"model": "stories.story", "pk": 3, "fields": {"full_name": "Lara Todd", "age": 34, "occupation": "Interior Designer", "details": "At school I loved running and was involved in many aspects of athletics. As I got older and life got in the way, I stopped all exercise and became overweight and depressed. Now at nearly 30, I do half marathons and my weekend long runs help me to unwind and relax.", "image": "herstory_3.jpg"}}, {"model": "stories.story", "pk": 4, "fields": {"full_name": "Rae Taylor", "age": 17, "occupation": "Student", "details": "I started running with my Dad as a small girl. I loved being outside in the fresh air and feeling powerful and free. Now in college, I still find the time to run. It's the antidote to the stress of studying.", "image": "herstory_4.jpg"}}, {"model": "stories.story", "pk": 5, "fields": {"full_name": "Lynne Padmore", "age": 32, "occupation": "Project Manager", "details": "Why do I run? I do it because it\u2019s my me-time, my therapy and my meditation. I feel calm and strong and that I could take on the world. It's shown me strengths that I never knew I even had. I\u2019ve met some amazing people through running and we are like a family.", "image": "herstory_5.jpg"}}, {"model": "stories.story", "pk": 6, "fields": {"full_name": "Janet Fulton", "age": 37, "occupation": "Nurse", "details": "I was terrified at the thought of people seeing me running. I knew that if I could beat my fear, I could do anything! Running has changed my life, both physically and mentally. I lost four stone and gained a new sense of purpose and self-worth.", "image": "herstory_6.jpg"}}, {"model": "events.event", "pk": 1, "fields": {"date": "Saturday 28 November", "location": "Stanmer Park", "distance": 10, "description": "This run takes you round some of the trails that criss-cross the stunning Stanmer Park. With it's woodland areas and wide open spaces, you love the feeling of getting away from the hussle and bussle.", "image": "run_1.jpg"}}, {"model": "events.event", "pk": 2, "fields": {"date": "Saturday 5 December", "location": "Preston Park", "distance": 6, "description": "This beautiful park near the centre of Brighton offers the opportunity for a great run in a dynamic setting. We start and finish by the pretty Preston Manor and make our way through the gardens and open grass on a long loop of the park.", "image": "run_2.jpg"}}, {"model": "events.event", "pk": 3, "fields": {"date": "Sunday 13 December", "location": "Brighton Marina", "distance": 5, "description": "Starting at Brighton Marina, this dramatic run takes us along the stunning Undercliff along the base of the famous chalk cliffs.  Past Ovingdean Beach, Rottingdean Beach before reaching Saltdean Beach and returning via to cliff tops.", "image": "run_3.jpg"}}, {"model": "events.event", "pk": 4, "fields": {"date": "Saturday 19 December", "location": "Shoreham Beach", "distance": 8, "description": "Starting at Shoreham beach, this diverse route takes out along the beach, over the river Arun and back round via Shoreham Airport. An interesting and different way to see the area.", "image": "run_4.jpg"}}, {"model": "auth.permission", "pk": 93, "fields": {"name": "Can add log entry", "content_type": 24, "codename": "add_logentry"}}, {"model": "auth.permission", "pk": 94, "fields": {"name": "Can change log entry", "content_type": 24, "codename": "change_logentry"}}, {"model": "auth.permission", "pk": 95, "fields": {"name": "Can delete log entry", "content_type": 24, "codename": "delete_logentry"}}, {"model": "auth.permission", "pk": 96, "fields": {"name": "Can view log entry", "content_type": 24, "codename": "view_logentry"}}, {"model": "auth.permission", "pk": 97, "fields": {"name": "Can add permission", "content_type": 25, "codename": "add_permission"}}, {"model": "auth.permission", "pk": 98, "fields": {"name": "Can change permission", "content_type": 25, "codename": "change_permission"}}, {"model": "auth.permission", "pk": 99, "fields": {"name": "Can delete permission", "content_type": 25, "codename": "delete_permission"}}, {"model": "auth.permission", "pk": 100, "fields": {"name": "Can view permission", "content_type": 25, "codename": "view_permission"}}, {"model": "auth.permission", "pk": 101, "fields": {"name": "Can add group", "content_type": 26, "codename": "add_group"}}, {"model": "auth.permission", "pk": 102, "fields": {"name": "Can change group", "content_type": 26, "codename": "change_group"}}, {"model": "auth.permission", "pk": 103, "fields": {"name": "Can delete group", "content_type": 26, "codename": "delete_group"}}, {"model": "auth.permission", "pk": 104, "fields": {"name": "Can view group", "content_type": 26, "codename": "view_group"}}, {"model": "auth.permission", "pk": 105, "fields": {"name": "Can add user", "content_type": 27, "codename": "add_user"}}, {"model": "auth.permission", "pk": 106, "fields": {"name": "Can change user", "content_type": 27, "codename": "change_user"}}, {"model": "auth.permission", "pk": 107, "fields": {"name": "Can delete user", "content_type": 27, "codename": "delete_user"}}, {"model": "auth.permission", "pk": 108, "fields": {"name": "Can view user", "content_type": 27, "codename": "view_user"}}, {"model": "auth.permission", "pk": 109, "fields": {"name": "Can add content type", "content_type": 28, "codename": "add_contenttype"}}, {"model": "auth.permission", "pk": 110, "fields": {"name": "Can change content type", "content_type": 28, "codename": "change_contenttype"}}, {"model": "auth.permission", "pk": 111, "fields": {"name": "Can delete content type", "content_type": 28, "codename": "delete_contenttype"}}, {"model": "auth.permission", "pk": 112, "fields": {"name": "Can view content type", "content_type": 28, "codename": "view_contenttype"}}, {"model": "auth.permission", "pk": 113, "fields": {"name": "Can add session", "content_type": 29, "codename": "add_session"}}, {"model": "auth.permission", "pk": 114, "fields": {"name": "Can change session", "content_type": 29, "codename": "change_session"}}, {"model": "auth.permission", "pk": 115, "fields": {"name": "Can delete session", "content_type": 29, "codename": "delete_session"}}, {"model": "auth.permission", "pk": 116, "fields": {"name": "Can view session", "content_type": 29, "codename": "view_session"}}, {"model": "auth.permission", "pk": 117, "fields": {"name": "Can add site", "content_type": 30, "codename": "add_site"}}, {"model": "auth.permission", "pk": 118, "fields": {"name": "Can change site", "content_type": 30, "codename": "change_site"}}, {"model": "auth.permission", "pk": 119, "fields": {"name": "Can delete site", "content_type": 30, "codename": "delete_site"}}, {"model": "auth.permission", "pk": 120, "fields": {"name": "Can view site", "content_type": 30, "codename": "view_site"}}, {"model": "auth.permission", "pk": 121, "fields": {"name": "Can add email address", "content_type": 31, "codename": "add_emailaddress"}}, {"model": "auth.permission", "pk": 122, "fields": {"name": "Can change email address", "content_type": 31, "codename": "change_emailaddress"}}, {"model": "auth.permission", "pk": 123, "fields": {"name": "Can delete email address", "content_type": 31, "codename": "delete_emailaddress"}}, {"model": "auth.permission", "pk": 124, "fields": {"name": "Can view email address", "content_type": 31, "codename": "view_emailaddress"}}, {"model": "auth.permission", "pk": 125, "fields": {"name": "Can add email confirmation", "content_type": 32, "codename": "add_emailconfirmation"}}, {"model": "auth.permission", "pk": 126, "fields": {"name": "Can change email confirmation", "content_type": 32, "codename": "change_emailconfirmation"}}, {"model": "auth.permission", "pk": 127, "fields": {"name": "Can delete email confirmation", "content_type": 32, "codename": "delete_emailconfirmation"}}, {"model": "auth.permission", "pk": 128, "fields": {"name": "Can view email confirmation", "content_type": 32, "codename": "view_emailconfirmation"}}, {"model": "auth.permission", "pk": 129, "fields": {"name": "Can add social account", "content_type": 33, "codename": "add_socialaccount"}}, {"model": "auth.permission", "pk": 130, "fields": {"name": "Can change social account", "content_type": 33, "codename": "change_socialaccount"}}, {"model": "auth.permission", "pk": 131, "fields": {"name": "Can delete social account", "content_type": 33, "codename": "delete_socialaccount"}}, {"model": "auth.permission", "pk": 132, "fields": {"name": "Can view social account", "content_type": 33, "codename": "view_socialaccount"}}, {"model": "auth.permission", "pk": 133, "fields": {"name": "Can add social application", "content_type": 34, "codename": "add_socialapp"}}, {"model": "auth.permission", "pk": 134, "fields": {"name": "Can change social application", "content_type": 34, "codename": "change_socialapp"}}, {"model": "auth.permission", "pk": 135, "fields": {"name": "Can delete social application", "content_type": 34, "codename": "delete_socialapp"}}, {"model": "auth.permission", "pk": 136, "fields": {"name": "Can view social application", "content_type": 34, "codename": "view_socialapp"}}, {"model": "auth.permission", "pk": 137, "fields": {"name": "Can add social application token", "content_type": 35, "codename": "add_socialtoken"}}, {"model": "auth.permission", "pk": 138, "fields": {"name": "Can change social application token", "content_type": 35, "codename": "change_socialtoken"}}, {"model": "auth.permission", "pk": 139, "fields": {"name": "Can delete social application token", "content_type": 35, "codename": "delete_socialtoken"}}, {"model": "auth.permission", "pk": 140, "fields": {"name": "Can view social application token", "content_type": 35, "codename": "view_socialtoken"}}, {"model": "auth.permission", "pk": 141, "fields": {"name": "Can add category", "content_type": 36, "codename": "add_category"}}, {"model": "auth.permission", "pk": 142, "fields": {"name": "Can change category", "content_type": 36, "codename": "change_category"}}, {"model": "auth.permission", "pk": 143, "fields": {"name": "Can delete category", "content_type": 36, "codename": "delete_category"}}, {"model": "auth.permission", "pk": 144, "fields": {"name": "Can view category", "content_type": 36, "codename": "view_category"}}, {"model": "auth.permission", "pk": 145, "fields": {"name": "Can add product", "content_type": 37, "codename": "add_product"}}, {"model": "auth.permission", "pk": 146, "fields": {"name": "Can change product", "content_type": 37, "codename": "change_product"}}, {"model": "auth.permission", "pk": 147, "fields": {"name": "Can delete product", "content_type": 37, "codename": "delete_product"}}, {"model": "auth.permission", "pk": 148, "fields": {"name": "Can view product", "content_type": 37, "codename": "view_product"}}, {"model": "auth.permission", "pk": 149, "fields": {"name": "Can add herstory", "content_type": 38, "codename": "add_herstory"}}, {"model": "auth.permission", "pk": 150, "fields": {"name": "Can change herstory", "content_type": 38, "codename": "change_herstory"}}, {"model": "auth.permission", "pk": 151, "fields": {"name": "Can delete herstory", "content_type": 38, "codename": "delete_herstory"}}, {"model": "auth.permission", "pk": 152, "fields": {"name": "Can view herstory", "content_type": 38, "codename": "view_herstory"}}, {"model": "auth.permission", "pk": 153, "fields": {"name": "Can add order", "content_type": 39, "codename": "add_order"}}, {"model": "auth.permission", "pk": 154, "fields": {"name": "Can change order", "content_type": 39, "codename": "change_order"}}, {"model": "auth.permission", "pk": 155, "fields": {"name": "Can delete order", "content_type": 39, "codename": "delete_order"}}, {"model": "auth.permission", "pk": 156, "fields": {"name": "Can view order", "content_type": 39, "codename": "view_order"}}, {"model": "auth.permission", "pk": 157, "fields": {"name": "Can add order line item", "content_type": 40, "codename": "add_orderlineitem"}}, {"model": "auth.permission", "pk": 158, "fields": {"name": "Can change order line item", "content_type": 40, "codename": "change_orderlineitem"}}, {"model": "auth.permission", "pk": 159, "fields": {"name": "Can delete order line item", "content_type": 40, "codename": "delete_orderlineitem"}}, {"model": "auth.permission", "pk": 160, "fields": {"name": "Can view order line item", "content_type": 40, "codename": "view_orderlineitem"}}, {"model": "auth.permission", "pk": 161, "fields": {"name": "Can add story", "content_type": 41, "codename": "add_story"}}, {"model": "auth.permission", "pk": 162, "fields": {"name": "Can change story", "content_type": 41, "codename": "change_story"}}, {"model": "auth.permission", "pk": 163, "fields": {"name": "Can delete story", "content_type": 41, "codename": "delete_story"}}, {"model": "auth.permission", "pk": 164, "fields": {"name": "Can view story", "content_type": 41, "codename": "view_story"}}, {"model": "auth.permission", "pk": 165, "fields": {"name": "Can add user profile", "content_type": 42, "codename": "add_userprofile"}}, {"model": "auth.permission", "pk": 166, "fields": {"name": "Can change user profile", "content_type": 42, "codename": "change_userprofile"}}, {"model": "auth.permission", "pk": 167, "fields": {"name": "Can delete user profile", "content_type": 42, "codename": "delete_userprofile"}}, {"model": "auth.permission", "pk": 168, "fields": {"name": "Can view user profile", "content_type": 42, "codename": "view_userprofile"}}, {"model": "auth.permission", "pk": 169, "fields": {"name": "Can add event", "content_type": 43, "codename": "add_event"}}, {"model": "auth.permission", "pk": 170, "fields": {"name": "Can change event", "content_type": 43, "codename": "change_event"}}, {"model": "auth.permission", "pk": 171, "fields": {"name": "Can delete event", "content_type": 43, "codename": "delete_event"}}, {"model": "auth.permission", "pk": 172, "fields": {"name": "Can view event", "content_type": 43, "codename": "view_event"}}, {"model": "auth.user", "pk": 1, "fields": {"password": "pbkdf2_sha256$180000$s5z0zaQRQJf1$jHndZX5J9+6lbWSO3e5MJufSA/p9vj1bYOUz4YzTZS4=", "last_login": "2020-08-25T07:05:38.468Z", "is_superuser": true, "username": "Admin", "first_name": "", "last_name": "", "email": "garycsimons@gmail.com", "is_staff": true, "is_active": true, "date_joined": "2020-08-02T10:43:21.372Z", "groups": [], "user_permissions": []}}, {"model": "auth.user", "pk": 2, "fields": {"password": "pbkdf2_sha256$180000$yGZ2gkxO5Sjy$pDonOO2lf2XB97znnXin4F77zzJmSy/FxQYjf766Vm0=", "last_login": "2020-08-31T05:36:21.592Z", "is_superuser": false, "username": "runner1", "first_name": "", "last_name": "", "email": "run1@email.com", "is_staff": false, "is_active": true, "date_joined": "2020-08-22T10:27:57.354Z", "groups": [], "user_permissions": []}}, {"model": "auth.user", "pk": 3, "fields": {"password": "pbkdf2_sha256$180000$MexkZVJBK7vp$5GXQngeKvpiwa9sfxCcPxp8OhJQhrrEUeQrexXRhf6I=", "last_login": "2020-08-23T18:54:46.726Z", "is_superuser": true, "username": "runadmin", "first_name": "", "last_name": "", "email": "garycsimons@gmail.com", "is_staff": true, "is_active": true, "date_joined": "2020-08-23T17:39:51.026Z", "groups": [], "user_permissions": []}}, {"model": "auth.user", "pk": 4, "fields": {"password": "pbkdf2_sha256$180000$cOM1Gf0v7nQ2$ReOcUQ7PsfLveTxilnar+nINRAlO+accwjTb6fx3xIo=", "last_login": "2020-08-25T07:11:52.944Z", "is_superuser": true, "username": "girlsadmin", "first_name": "", "last_name": "", "email": "gary.coldwellsimons@gmail.com", "is_staff": true, "is_active": true, "date_joined": "2020-08-23T17:43:28.034Z", "groups": [], "user_permissions": []}}, {"model": "auth.user", "pk": 5, "fields": {"password": "pbkdf2_sha256$180000$6poi1M7AfoHw$n9ItQ7Mj+KNA+nA05Fynp24HzCp0yZL0Dyqtc2kdr4c=", "last_login": "2020-10-01T05:52:35.760Z", "is_superuser": true, "username": "supergirl", "first_name": "", "last_name": "", "email": "super@email.com", "is_staff": true, "is_active": true, "date_joined": "2020-08-28T07:01:58.309Z", "groups": [], "user_permissions": []}}, {"model": "auth.user", "pk": 6, "fields": {"password": "pbkdf2_sha256$180000$1j7V5Htyx6o6$OG2heog4v6CYfGPTb2Bv4W8VpSqgcQCGU4J1YFNI2+8=", "last_login": "2020-08-29T19:02:26.177Z", "is_superuser": true, "username": "superadmin", "first_name": "", "last_name": "", "email": "superadmin@email.com", "is_staff": true, "is_active": true, "date_joined": "2020-08-29T19:01:24.019Z", "groups": [], "user_permissions": []}}, {"model": "auth.user", "pk": 7, "fields": {"password": "pbkdf2_sha256$180000$r5N7gZgU14iu$K3C5L0NtD1rh4ymF/G1j362qQhdqtOJL+yxX3f3qZoo=", "last_login": "2020-09-27T14:27:41.176Z", "is_superuser": false, "username": "Norey", "first_name": "", "last_name": "", "email": "noreyo6637@mailvxin.net", "is_staff": false, "is_active": true, "date_joined": "2020-09-27T14:24:15.318Z", "groups": [], "user_permissions": []}}, {"model": "auth.user", "pk": 8, "fields": {"password": "pbkdf2_sha256$180000$45NnqfqZKL1p$Hivfn3Pfv6C3pt5Up0NhbkAwe/GZ27MJ9pM7YyORNWQ=", "last_login": null, "is_superuser": false, "username": "Wain", "first_name": "", "last_name": "", "email": "wainvpkp@sharklasers.com", "is_staff": false, "is_active": true, "date_joined": "2020-09-27T15:03:01.744Z", "groups": [], "user_permissions": []}}, {"model": "auth.user", "pk": 9, "fields": {"password": "pbkdf2_sha256$180000$zrf8orUkpd5y$XhVlgAJRGdZXEMqDDTo/c+2FqOLaG4jYLtqHg4+jAxk=", "last_login": null, "is_superuser": false, "username": "Wainp", "first_name": "", "last_name": "", "email": "wainvpkp@grr.la", "is_staff": false, "is_active": true, "date_joined": "2020-09-27T15:08:05.671Z", "groups": [], "user_permissions": []}}, {"model": "auth.user", "pk": 10, "fields": {"password": "pbkdf2_sha256$180000$bHDKWLTYx6gc$2caflI4skLuMEBBbMzQzS2SHarUHU68gaShNBu/Zs9Q=", "last_login": null, "is_superuser": false, "username": "Waii", "first_name": "", "last_name": "", "email": "wainvpkp@pokemail.net", "is_staff": false, "is_active": true, "date_joined": "2020-09-27T15:10:59.071Z", "groups": [], "user_permissions": []}}, {"model": "auth.user", "pk": 11, "fields": {"password": "pbkdf2_sha256$180000$JCzk5Iq8UzES$eWPtD3DV7MeFNZy7gSSOisPmEGn075heRgTGtBty+6Q=", "last_login": null, "is_superuser": false, "username": "Test", "first_name": "", "last_name": "", "email": "test@pokemail.net", "is_staff": false, "is_active": true, "date_joined": "2020-09-27T15:13:20.972Z", "groups": [], "user_permissions": []}}, {"model": "account.emailaddress", "pk": 1, "fields": {"user": 1, "email": "garycsimons@gmail.com", "verified": true, "primary": true}}, {"model": "account.emailaddress", "pk": 2, "fields": {"user": 1, "email": "garysimons@gmail.com", "verified": true, "primary": true}}, {"model": "account.emailaddress", "pk": 3, "fields": {"user": 2, "email": "run1@email.com", "verified": true, "primary": true}}, {"model": "account.emailaddress", "pk": 4, "fields": {"user": 4, "email": "gary.coldwellsimons@gmail.com", "verified": true, "primary": true}}, {"model": "account.emailaddress", "pk": 5, "fields": {"user": 5, "email": "super@email.com", "verified": true, "primary": true}}, {"model": "account.emailaddress", "pk": 6, "fields": {"user": 6, "email": "superadmin@email.com", "verified": true, "primary": true}}, {"model": "account.emailaddress", "pk": 7, "fields": {"user": 7, "email": "noreyo6637@mailvxin.net", "verified": true, "primary": true}}, {"model": "account.emailaddress", "pk": 8, "fields": {"user": 8, "email": "wainvpkp@sharklasers.com", "verified": false, "primary": true}}, {"model": "account.emailaddress", "pk": 9, "fields": {"user": 9, "email": "wainvpkp@grr.la", "verified": false, "primary": true}}, {"model": "account.emailaddress", "pk": 10, "fields": {"user": 10, "email": "wainvpkp@pokemail.net", "verified": false, "primary": true}}, {"model": "account.emailaddress", "pk": 11, "fields": {"user": 11, "email": "test@pokemail.net", "verified": false, "primary": true}}, {"model": "profiles.userprofile", "pk": 1, "fields": {"user": 2, "default_phone_number": "1234567890", "default_street_address1": "Any", "default_street_address2": "Any", "default_town_or_city": "Any", "default_county": "Any", "default_postcode": "BN1 7XY", "default_country": "AF"}}, {"model": "profiles.userprofile", "pk": 2, "fields": {"user": 3, "default_phone_number": "1234567890", "default_street_address1": "Any", "default_street_address2": "Any", "default_town_or_city": "Any", "default_county": null, "default_postcode": null, "default_country": "CA"}}, {"model": "profiles.userprofile", "pk": 3, "fields": {"user": 4, "default_phone_number": "1234567890", "default_street_address1": "Street Name", "default_street_address2": null, "default_town_or_city": "AnyTown", "default_county": "AnyCounty", "default_postcode": "BN1 7XY", "default_country": "NL"}}, {"model": "profiles.userprofile", "pk": 4, "fields": {"user": 5, "default_phone_number": "1234567890", "default_street_address1": "Street Name", "default_street_address2": null, "default_town_or_city": "AnyTown", "default_county": "AnyCounty", "default_postcode": "BN1 7XY", "default_country": "NL"}}, {"model": "profiles.userprofile", "pk": 5, "fields": {"user": 6, "default_phone_number": null, "default_street_address1": null, "default_street_address2": null, "default_town_or_city": null, "default_county": null, "default_postcode": null, "default_country": null}}, {"model": "profiles.userprofile", "pk": 6, "fields": {"user": 7, "default_phone_number": null, "default_street_address1": null, "default_street_address2": null, "default_town_or_city": null, "default_county": null, "default_postcode": null, "default_country": null}}, {"model": "profiles.userprofile", "pk": 7, "fields": {"user": 8, "default_phone_number": null, "default_street_address1": null, "default_street_address2": null, "default_town_or_city": null, "default_county": null, "default_postcode": null, "default_country": null}}, {"model": "profiles.userprofile", "pk": 8, "fields": {"user": 9, "default_phone_number": null, "default_street_address1": null, "default_street_address2": null, "default_town_or_city": null, "default_county": null, "default_postcode": null, "default_country": null}}, {"model": "profiles.userprofile", "pk": 9, "fields": {"user": 10, "default_phone_number": null, "default_street_address1": null, "default_street_address2": null, "default_town_or_city": null, "default_county": null, "default_postcode": null, "default_country": null}}, {"model": "profiles.userprofile", "pk": 10, "fields": {"user": 11, "default_phone_number": null, "default_street_address1": null, "default_street_address2": null, "default_town_or_city": null, "default_county": null, "default_postcode": null, "default_country": null}}, {"model": "admin.logentry", "pk": 1, "fields": {"action_time": "2020-08-02T11:13:08.109Z", "user": 1, "content_type": null, "object_id": "1", "object_repr": "girlsontherun.example.com", "action_flag": 2, "change_message": "[{\"changed\": {\"fields\": [\"Domain name\", \"Display name\"]}}]"}}, {"model": "admin.logentry", "pk": 2, "fields": {"action_time": "2020-08-02T11:22:41.057Z", "user": 1, "content_type": null, "object_id": "2", "object_repr": "garysimons@gmail.com", "action_flag": 1, "change_message": "[{\"added\": {}}]"}}, {"model": "admin.logentry", "pk": 3, "fields": {"action_time": "2020-08-09T12:33:53.392Z", "user": 1, "content_type": null, "object_id": "1", "object_repr": "Leggings", "action_flag": 2, "change_message": "[{\"changed\": {\"fields\": [\"Description\", \"Price\"]}}]"}}, {"model": "admin.logentry", "pk": 4, "fields": {"action_time": "2020-08-09T12:34:19.142Z", "user": 1, "content_type": null, "object_id": "2", "object_repr": "Bandana", "action_flag": 2, "change_message": "[{\"changed\": {\"fields\": [\"Description\", \"Price\"]}}]"}}, {"model": "admin.logentry", "pk": 5, "fields": {"action_time": "2020-08-09T12:34:56.250Z", "user": 1, "content_type": null, "object_id": "3", "object_repr": "Drink Bottle", "action_flag": 2, "change_message": "[{\"changed\": {\"fields\": [\"Description\"]}}]"}}, {"model": "admin.logentry", "pk": 6, "fields": {"action_time": "2020-08-09T12:35:22.553Z", "user": 1, "content_type": null, "object_id": "4", "object_repr": "Cap", "action_flag": 2, "change_message": "[{\"changed\": {\"fields\": [\"Name\", \"Description\", \"Price\"]}}]"}}, {"model": "admin.logentry", "pk": 7, "fields": {"action_time": "2020-08-09T12:35:41.375Z", "user": 1, "content_type": null, "object_id": "5", "object_repr": "Shorts", "action_flag": 2, "change_message": "[{\"changed\": {\"fields\": [\"Description\", \"Price\"]}}]"}}, {"model": "admin.logentry", "pk": 8, "fields": {"action_time": "2020-08-09T12:36:02.743Z", "user": 1, "content_type": null, "object_id": "6", "object_repr": "T Shirt", "action_flag": 2, "change_message": "[{\"changed\": {\"fields\": [\"Description\", \"Price\"]}}]"}}, {"model": "admin.logentry", "pk": 9, "fields": {"action_time": "2020-08-10T05:00:29.095Z", "user": 1, "content_type": null, "object_id": "1", "object_repr": "Leggings", "action_flag": 2, "change_message": "[{\"changed\": {\"fields\": [\"Has sizes\"]}}]"}}, {"model": "admin.logentry", "pk": 10, "fields": {"action_time": "2020-08-10T05:00:56.352Z", "user": 1, "content_type": null, "object_id": "2", "object_repr": "Bandana", "action_flag": 2, "change_message": "[]"}}, {"model": "admin.logentry", "pk": 11, "fields": {"action_time": "2020-08-10T05:01:06.601Z", "user": 1, "content_type": null, "object_id": "5", "object_repr": "Shorts", "action_flag": 2, "change_message": "[{\"changed\": {\"fields\": [\"Has sizes\"]}}]"}}, {"model": "admin.logentry", "pk": 12, "fields": {"action_time": "2020-08-10T05:01:11.921Z", "user": 1, "content_type": null, "object_id": "6", "object_repr": "T Shirt", "action_flag": 2, "change_message": "[{\"changed\": {\"fields\": [\"Has sizes\"]}}]"}}, {"model": "admin.logentry", "pk": 13, "fields": {"action_time": "2020-08-10T05:01:27.193Z", "user": 1, "content_type": null, "object_id": "4", "object_repr": "Cap", "action_flag": 2, "change_message": "[{\"changed\": {\"fields\": [\"Has sizes\"]}}]"}}, {"model": "admin.logentry", "pk": 14, "fields": {"action_time": "2020-08-10T05:01:39.608Z", "user": 1, "content_type": null, "object_id": "1", "object_repr": "Leggings", "action_flag": 2, "change_message": "[]"}}, {"model": "admin.logentry", "pk": 15, "fields": {"action_time": "2020-08-17T09:18:29.607Z", "user": 1, "content_type": null, "object_id": "1", "object_repr": "Saturday 19 September", "action_flag": 1, "change_message": "[{\"added\": {}}]"}}, {"model": "admin.logentry", "pk": 16, "fields": {"action_time": "2020-08-17T09:19:30.547Z", "user": 1, "content_type": null, "object_id": "2", "object_repr": "Sunday 20 September", "action_flag": 1, "change_message": "[{\"added\": {}}]"}}, {"model": "admin.logentry", "pk": 17, "fields": {"action_time": "2020-08-17T09:20:23.159Z", "user": 1, "content_type": null, "object_id": "3", "object_repr": "Saturday 3 October", "action_flag": 1, "change_message": "[{\"added\": {}}]"}}, {"model": "admin.logentry", "pk": 18, "fields": {"action_time": "2020-08-17T09:21:14.862Z", "user": 1, "content_type": null, "object_id": "4", "object_repr": "Sunday 4 October", "action_flag": 1, "change_message": "[{\"added\": {}}]"}}, {"model": "admin.logentry", "pk": 19, "fields": {"action_time": "2020-08-20T05:18:22.310Z", "user": 1, "content_type": null, "object_id": "1", "object_repr": "6882C7C4FF40489E84A0DA1ABD37061F", "action_flag": 2, "change_message": "[{\"changed\": {\"name\": \"order line item\", \"object\": \"SKU 03 on order 6882C7C4FF40489E84A0DA1ABD37061F\", \"fields\": [\"Quantity\"]}}]"}}, {"model": "admin.logentry", "pk": 20, "fields": {"action_time": "2020-08-20T05:18:39.507Z", "user": 1, "content_type": null, "object_id": "1", "object_repr": "6882C7C4FF40489E84A0DA1ABD37061F", "action_flag": 2, "change_message": "[{\"changed\": {\"name\": \"order line item\", \"object\": \"SKU 02 on order 6882C7C4FF40489E84A0DA1ABD37061F\", \"fields\": [\"Quantity\"]}}]"}}, {"model": "admin.logentry", "pk": 21, "fields": {"action_time": "2020-08-20T05:19:23.163Z", "user": 1, "content_type": null, "object_id": "1", "object_repr": "6882C7C4FF40489E84A0DA1ABD37061F", "action_flag": 2, "change_message": "[{\"changed\": {\"name\": \"order line item\", \"object\": \"SKU 03 on order 6882C7C4FF40489E84A0DA1ABD37061F\", \"fields\": [\"Quantity\"]}}]"}}, {"model": "admin.logentry", "pk": 22, "fields": {"action_time": "2020-08-20T05:20:08.067Z", "user": 1, "content_type": null, "object_id": "1", "object_repr": "6882C7C4FF40489E84A0DA1ABD37061F", "action_flag": 3, "change_message": ""}}, {"model": "admin.logentry", "pk": 23, "fields": {"action_time": "2020-08-23T18:56:45.794Z", "user": 3, "content_type": null, "object_id": "40", "object_repr": "093372D7E52443FBA51C85B30A0734D4", "action_flag": 3, "change_message": ""}}, {"model": "admin.logentry", "pk": 24, "fields": {"action_time": "2020-08-23T18:56:45.819Z", "user": 3, "content_type": null, "object_id": "39", "object_repr": "68C43DB9B4784B289A2ED28F74B8780D", "action_flag": 3, "change_message": ""}}, {"model": "admin.logentry", "pk": 25, "fields": {"action_time": "2020-08-23T18:56:45.838Z", "user": 3, "content_type": null, "object_id": "38", "object_repr": "CDDD870FCF6B4BDE9B699504CA326BEB", "action_flag": 3, "change_message": ""}}, {"model": "admin.logentry", "pk": 26, "fields": {"action_time": "2020-08-23T18:56:45.862Z", "user": 3, "content_type": null, "object_id": "37", "object_repr": "186B4CBDBA5545A38CC26DBA4E1F5CA7", "action_flag": 3, "change_message": ""}}, {"model": "admin.logentry", "pk": 27, "fields": {"action_time": "2020-08-23T18:56:45.881Z", "user": 3, "content_type": null, "object_id": "36", "object_repr": "DC5B279137CF4E1A976BDE2276F364D2", "action_flag": 3, "change_message": ""}}, {"model": "admin.logentry", "pk": 28, "fields": {"action_time": "2020-08-23T18:56:45.903Z", "user": 3, "content_type": null, "object_id": "35", "object_repr": "606C56F12833404987D30B5DCD74C353", "action_flag": 3, "change_message": ""}}, {"model": "admin.logentry", "pk": 29, "fields": {"action_time": "2020-08-23T18:56:45.926Z", "user": 3, "content_type": null, "object_id": "34", "object_repr": "1636BE4B7651476C807D1A7DF20DC6AF", "action_flag": 3, "change_message": ""}}, {"model": "admin.logentry", "pk": 30, "fields": {"action_time": "2020-08-23T18:56:45.947Z", "user": 3, "content_type": null, "object_id": "33", "object_repr": "1819A61114634AC788A4B97EF9466CAA", "action_flag": 3, "change_message": ""}}, {"model": "admin.logentry", "pk": 31, "fields": {"action_time": "2020-08-23T18:56:45.965Z", "user": 3, "content_type": null, "object_id": "32", "object_repr": "9251E39108EF4A12B660A7045AA6B86B", "action_flag": 3, "change_message": ""}}, {"model": "admin.logentry", "pk": 32, "fields": {"action_time": "2020-08-23T18:56:45.986Z", "user": 3, "content_type": null, "object_id": "31", "object_repr": "41E980B68C764C34A0042F6266E029EF", "action_flag": 3, "change_message": ""}}, {"model": "admin.logentry", "pk": 33, "fields": {"action_time": "2020-08-23T18:56:46.007Z", "user": 3, "content_type": null, "object_id": "30", "object_repr": "3B5AF89DEFCA49C1BF91A627AE76F0A8", "action_flag": 3, "change_message": ""}}, {"model": "admin.logentry", "pk": 34, "fields": {"action_time": "2020-08-23T18:56:46.029Z", "user": 3, "content_type": null, "object_id": "29", "object_repr": "420EFE5DEB584EE69549DEBA40455400", "action_flag": 3, "change_message": ""}}, {"model": "admin.logentry", "pk": 35, "fields": {"action_time": "2020-08-23T18:56:46.051Z", "user": 3, "content_type": null, "object_id": "28", "object_repr": "A4CF1C02589B4A189155BAF1CA821313", "action_flag": 3, "change_message": ""}}, {"model": "admin.logentry", "pk": 36, "fields": {"action_time": "2020-08-23T18:56:46.072Z", "user": 3, "content_type": null, "object_id": "27", "object_repr": "72C1AE0DBC9E4DA0A0C1855F53ED3E27", "action_flag": 3, "change_message": ""}}, {"model": "admin.logentry", "pk": 37, "fields": {"action_time": "2020-08-23T18:56:46.091Z", "user": 3, "content_type": null, "object_id": "26", "object_repr": "E517B9EB72BB4682845B970DF86CEDDF", "action_flag": 3, "change_message": ""}}, {"model": "admin.logentry", "pk": 38, "fields": {"action_time": "2020-08-23T18:56:46.112Z", "user": 3, "content_type": null, "object_id": "25", "object_repr": "63A7C53473F541CA9032A57FCF3AAD60", "action_flag": 3, "change_message": ""}}, {"model": "admin.logentry", "pk": 39, "fields": {"action_time": "2020-08-23T18:56:46.130Z", "user": 3, "content_type": null, "object_id": "24", "object_repr": "EEF5FD3F012748B6B999089A658D1847", "action_flag": 3, "change_message": ""}}, {"model": "admin.logentry", "pk": 40, "fields": {"action_time": "2020-08-23T18:56:46.149Z", "user": 3, "content_type": null, "object_id": "23", "object_repr": "EE972E437B214C72912EECD64DA86EF2", "action_flag": 3, "change_message": ""}}, {"model": "admin.logentry", "pk": 41, "fields": {"action_time": "2020-08-23T18:56:46.169Z", "user": 3, "content_type": null, "object_id": "22", "object_repr": "218CAF2E6F60411DAE1AD99C35A1585C", "action_flag": 3, "change_message": ""}}, {"model": "admin.logentry", "pk": 42, "fields": {"action_time": "2020-08-23T18:56:46.191Z", "user": 3, "content_type": null, "object_id": "21", "object_repr": "B9DF38F9E1E844B1AFEB441703B4B4CC", "action_flag": 3, "change_message": ""}}, {"model": "admin.logentry", "pk": 43, "fields": {"action_time": "2020-08-23T18:56:46.211Z", "user": 3, "content_type": null, "object_id": "20", "object_repr": "65D1B36BD05140D4AE475D1F48E07A31", "action_flag": 3, "change_message": ""}}, {"model": "admin.logentry", "pk": 44, "fields": {"action_time": "2020-08-23T18:56:46.233Z", "user": 3, "content_type": null, "object_id": "19", "object_repr": "6869725237CD4F318900E05B199DA1AE", "action_flag": 3, "change_message": ""}}, {"model": "admin.logentry", "pk": 45, "fields": {"action_time": "2020-08-23T18:56:46.255Z", "user": 3, "content_type": null, "object_id": "18", "object_repr": "683B628ECDCF480899F0BF551A4B191A", "action_flag": 3, "change_message": ""}}, {"model": "admin.logentry", "pk": 46, "fields": {"action_time": "2020-08-23T18:56:46.277Z", "user": 3, "content_type": null, "object_id": "17", "object_repr": "EF1DB7E1C2184569B0A28C2D00F2D027", "action_flag": 3, "change_message": ""}}, {"model": "admin.logentry", "pk": 47, "fields": {"action_time": "2020-08-23T18:56:46.299Z", "user": 3, "content_type": null, "object_id": "16", "object_repr": "7CF4F881ED954C558B9AC6415C5B210C", "action_flag": 3, "change_message": ""}}, {"model": "admin.logentry", "pk": 48, "fields": {"action_time": "2020-08-23T18:56:46.324Z", "user": 3, "content_type": null, "object_id": "15", "object_repr": "8BDA5F243910454D95D57C841D79379E", "action_flag": 3, "change_message": ""}}, {"model": "admin.logentry", "pk": 49, "fields": {"action_time": "2020-08-23T18:56:46.343Z", "user": 3, "content_type": null, "object_id": "14", "object_repr": "B5942C295ECA4D86A370FEE9212054F1", "action_flag": 3, "change_message": ""}}, {"model": "admin.logentry", "pk": 50, "fields": {"action_time": "2020-08-23T18:56:46.361Z", "user": 3, "content_type": null, "object_id": "13", "object_repr": "A5E1B70BE5594EDEB15F25FB45C4BF71", "action_flag": 3, "change_message": ""}}, {"model": "admin.logentry", "pk": 51, "fields": {"action_time": "2020-08-23T18:56:46.384Z", "user": 3, "content_type": null, "object_id": "12", "object_repr": "E136CBF389D7410CA1E7DDD766E12F7E", "action_flag": 3, "change_message": ""}}, {"model": "admin.logentry", "pk": 52, "fields": {"action_time": "2020-08-23T18:56:46.404Z", "user": 3, "content_type": null, "object_id": "11", "object_repr": "392474898F4B48ECB93BF25ECAEC726D", "action_flag": 3, "change_message": ""}}, {"model": "admin.logentry", "pk": 53, "fields": {"action_time": "2020-08-23T18:56:46.425Z", "user": 3, "content_type": null, "object_id": "10", "object_repr": "40ADACE7E2AB4BC9B27CD22D46E08B9D", "action_flag": 3, "change_message": ""}}, {"model": "admin.logentry", "pk": 54, "fields": {"action_time": "2020-08-23T18:56:46.446Z", "user": 3, "content_type": null, "object_id": "9", "object_repr": "DAE1FB7341EF40A28F4BAE1F8DC33276", "action_flag": 3, "change_message": ""}}, {"model": "admin.logentry", "pk": 55, "fields": {"action_time": "2020-08-23T18:56:46.464Z", "user": 3, "content_type": null, "object_id": "8", "object_repr": "19F807E7DB714AFD8F027294BB5C74A6", "action_flag": 3, "change_message": ""}}, {"model": "admin.logentry", "pk": 56, "fields": {"action_time": "2020-08-23T18:56:46.483Z", "user": 3, "content_type": null, "object_id": "7", "object_repr": "65F3586823D44512A2FA0906D4B0BD0A", "action_flag": 3, "change_message": ""}}, {"model": "admin.logentry", "pk": 57, "fields": {"action_time": "2020-08-23T18:56:46.504Z", "user": 3, "content_type": null, "object_id": "6", "object_repr": "7F4A063BF3BE46FAA237FE0D37BF40C8", "action_flag": 3, "change_message": ""}}, {"model": "admin.logentry", "pk": 58, "fields": {"action_time": "2020-08-23T18:56:46.525Z", "user": 3, "content_type": null, "object_id": "5", "object_repr": "759FE91DDEE1462286921A02DDA4D200", "action_flag": 3, "change_message": ""}}, {"model": "admin.logentry", "pk": 59, "fields": {"action_time": "2020-08-23T18:56:46.547Z", "user": 3, "content_type": null, "object_id": "4", "object_repr": "4BE1915D8A0A4FB0919EA939EFE4FFCC", "action_flag": 3, "change_message": ""}}, {"model": "admin.logentry", "pk": 60, "fields": {"action_time": "2020-08-23T18:56:46.569Z", "user": 3, "content_type": null, "object_id": "3", "object_repr": "E3EA63E0BEF745A29641D14DDB56D277", "action_flag": 3, "change_message": ""}}, {"model": "admin.logentry", "pk": 61, "fields": {"action_time": "2020-08-23T18:56:46.591Z", "user": 3, "content_type": null, "object_id": "2", "object_repr": "D04002ADDEE044D894ABD3D5A06E0479", "action_flag": 3, "change_message": ""}}, {"model": "admin.logentry", "pk": 62, "fields": {"action_time": "2020-08-29T10:48:15.404Z", "user": 5, "content_type": null, "object_id": "5", "object_repr": "super@email.com", "action_flag": 1, "change_message": "[{\"added\": {}}]"}}, {"model": "admin.logentry", "pk": 63, "fields": {"action_time": "2020-08-29T11:18:03.164Z", "user": 5, "content_type": null, "object_id": "1", "object_repr": "Leggings", "action_flag": 2, "change_message": "[{\"changed\": {\"fields\": [\"Image\"]}}]"}}, {"model": "admin.logentry", "pk": 64, "fields": {"action_time": "2020-08-29T11:20:12.867Z", "user": 5, "content_type": null, "object_id": "67", "object_repr": "F1DC54DAE1C34038B08D74594F8F9F48", "action_flag": 3, "change_message": ""}}, {"model": "admin.logentry", "pk": 65, "fields": {"action_time": "2020-08-29T11:20:12.887Z", "user": 5, "content_type": null, "object_id": "66", "object_repr": "8DA70363559043BB9F70AF32F69E3B9B", "action_flag": 3, "change_message": ""}}, {"model": "admin.logentry", "pk": 66, "fields": {"action_time": "2020-08-29T11:20:12.906Z", "user": 5, "content_type": null, "object_id": "65", "object_repr": "9294EA87DEE84606967EC3C411688F79", "action_flag": 3, "change_message": ""}}, {"model": "admin.logentry", "pk": 67, "fields": {"action_time": "2020-08-29T11:20:12.924Z", "user": 5, "content_type": null, "object_id": "64", "object_repr": "B4356AB3730B4B1D8BAB2A01615AE78A", "action_flag": 3, "change_message": ""}}, {"model": "admin.logentry", "pk": 68, "fields": {"action_time": "2020-08-29T11:20:12.944Z", "user": 5, "content_type": null, "object_id": "63", "object_repr": "9B987DBB59B840938BB0C4D25B17D9DC", "action_flag": 3, "change_message": ""}}, {"model": "admin.logentry", "pk": 69, "fields": {"action_time": "2020-08-29T11:20:12.963Z", "user": 5, "content_type": null, "object_id": "62", "object_repr": "B16310EA8A16422EAEF3D6572FA1177A", "action_flag": 3, "change_message": ""}}, {"model": "admin.logentry", "pk": 70, "fields": {"action_time": "2020-08-29T11:20:12.981Z", "user": 5, "content_type": null, "object_id": "61", "object_repr": "432B28B36B51407FBDFD5A118FAB195C", "action_flag": 3, "change_message": ""}}, {"model": "admin.logentry", "pk": 71, "fields": {"action_time": "2020-08-29T11:20:13.004Z", "user": 5, "content_type": null, "object_id": "60", "object_repr": "4A998DEADACA4727A40C4E0671CB8C6B", "action_flag": 3, "change_message": ""}}, {"model": "admin.logentry", "pk": 72, "fields": {"action_time": "2020-08-29T11:20:13.025Z", "user": 5, "content_type": null, "object_id": "59", "object_repr": "D19CD97BC7A14472B36FB649FFDE06DE", "action_flag": 3, "change_message": ""}}, {"model": "admin.logentry", "pk": 73, "fields": {"action_time": "2020-08-29T11:20:13.044Z", "user": 5, "content_type": null, "object_id": "58", "object_repr": "D134D777A64E401A8B8A799D62A2267F", "action_flag": 3, "change_message": ""}}, {"model": "admin.logentry", "pk": 74, "fields": {"action_time": "2020-08-29T11:20:13.067Z", "user": 5, "content_type": null, "object_id": "57", "object_repr": "D80CAC5D619C4BFC9882A104081E89A0", "action_flag": 3, "change_message": ""}}, {"model": "admin.logentry", "pk": 75, "fields": {"action_time": "2020-08-29T11:20:13.085Z", "user": 5, "content_type": null, "object_id": "56", "object_repr": "DDD2B46E8AD048AF8787FC81AE22C62D", "action_flag": 3, "change_message": ""}}, {"model": "admin.logentry", "pk": 76, "fields": {"action_time": "2020-08-29T11:20:13.107Z", "user": 5, "content_type": null, "object_id": "55", "object_repr": "AE6C62F86CF04352989721FDEB1DF4E1", "action_flag": 3, "change_message": ""}}, {"model": "admin.logentry", "pk": 77, "fields": {"action_time": "2020-08-29T11:20:13.126Z", "user": 5, "content_type": null, "object_id": "54", "object_repr": "EDA8E34E81324D72AF4EA5BC13CB8973", "action_flag": 3, "change_message": ""}}, {"model": "admin.logentry", "pk": 78, "fields": {"action_time": "2020-08-29T11:20:13.149Z", "user": 5, "content_type": null, "object_id": "53", "object_repr": "4795CDEEDF104964AEB147AEA6BAB584", "action_flag": 3, "change_message": ""}}, {"model": "admin.logentry", "pk": 79, "fields": {"action_time": "2020-08-29T11:20:13.169Z", "user": 5, "content_type": null, "object_id": "52", "object_repr": "DFD274B203B54D0084B78BBF55B5CE53", "action_flag": 3, "change_message": ""}}, {"model": "admin.logentry", "pk": 80, "fields": {"action_time": "2020-08-29T11:20:13.191Z", "user": 5, "content_type": null, "object_id": "51", "object_repr": "DF21721FB1814FC18E8AC323D5781AAA", "action_flag": 3, "change_message": ""}}, {"model": "admin.logentry", "pk": 81, "fields": {"action_time": "2020-08-29T11:20:13.213Z", "user": 5, "content_type": null, "object_id": "50", "object_repr": "96D9FA13FD624698BC160D96F30B9FFD", "action_flag": 3, "change_message": ""}}, {"model": "admin.logentry", "pk": 82, "fields": {"action_time": "2020-08-29T11:20:13.235Z", "user": 5, "content_type": null, "object_id": "49", "object_repr": "A569810921734B40BA277352AB0D8FAA", "action_flag": 3, "change_message": ""}}, {"model": "admin.logentry", "pk": 83, "fields": {"action_time": "2020-08-29T11:20:13.253Z", "user": 5, "content_type": null, "object_id": "48", "object_repr": "232AA6BB0EB94734B19A5734EFE791C1", "action_flag": 3, "change_message": ""}}, {"model": "admin.logentry", "pk": 84, "fields": {"action_time": "2020-08-29T11:20:13.272Z", "user": 5, "content_type": null, "object_id": "47", "object_repr": "E1A304ED74A840A8A840A5F3D0D07D6B", "action_flag": 3, "change_message": ""}}, {"model": "admin.logentry", "pk": 85, "fields": {"action_time": "2020-08-29T11:20:13.291Z", "user": 5, "content_type": null, "object_id": "46", "object_repr": "1D0F22766DA7428299EA15F73D4685EE", "action_flag": 3, "change_message": ""}}, {"model": "admin.logentry", "pk": 86, "fields": {"action_time": "2020-08-29T11:20:13.312Z", "user": 5, "content_type": null, "object_id": "45", "object_repr": "B0AD21250DCF490D90A1CB6F446EDBC3", "action_flag": 3, "change_message": ""}}, {"model": "admin.logentry", "pk": 87, "fields": {"action_time": "2020-08-29T11:20:13.332Z", "user": 5, "content_type": null, "object_id": "44", "object_repr": "2E23C3E1894D4D0B8A094E3B53CDA5CC", "action_flag": 3, "change_message": ""}}, {"model": "admin.logentry", "pk": 88, "fields": {"action_time": "2020-08-29T11:20:13.354Z", "user": 5, "content_type": null, "object_id": "43", "object_repr": "06866C66C3724E9EA6B37BE7A7A09507", "action_flag": 3, "change_message": ""}}, {"model": "admin.logentry", "pk": 89, "fields": {"action_time": "2020-08-29T11:20:13.375Z", "user": 5, "content_type": null, "object_id": "42", "object_repr": "8024C05EB63E49DB93BB6C9DF51C1C86", "action_flag": 3, "change_message": ""}}, {"model": "admin.logentry", "pk": 90, "fields": {"action_time": "2020-08-29T11:20:13.396Z", "user": 5, "content_type": null, "object_id": "41", "object_repr": "9ED7117F3275418FBC606A8423448CC6", "action_flag": 3, "change_message": ""}}, {"model": "admin.logentry", "pk": 91, "fields": {"action_time": "2020-08-29T15:21:26.998Z", "user": 5, "content_type": null, "object_id": "1", "object_repr": "Saturday 19 September", "action_flag": 2, "change_message": "[{\"changed\": {\"fields\": [\"Description\"]}}]"}}, {"model": "admin.logentry", "pk": 92, "fields": {"action_time": "2020-08-29T15:25:33.686Z", "user": 5, "content_type": null, "object_id": "1", "object_repr": "Harriette Ellisson", "action_flag": 2, "change_message": "[{\"changed\": {\"fields\": [\"Details\"]}}]"}}, {"model": "admin.logentry", "pk": 93, "fields": {"action_time": "2020-08-29T15:27:08.659Z", "user": 5, "content_type": null, "object_id": "6", "object_repr": "Janet Fulton", "action_flag": 2, "change_message": "[{\"changed\": {\"fields\": [\"Details\"]}}]"}}, {"model": "admin.logentry", "pk": 94, "fields": {"action_time": "2020-08-29T15:27:49.671Z", "user": 5, "content_type": null, "object_id": "3", "object_repr": "Lara Todd", "action_flag": 2, "change_message": "[{\"changed\": {\"fields\": [\"Details\"]}}]"}}, {"model": "admin.logentry", "pk": 95, "fields": {"action_time": "2020-08-29T15:28:21.418Z", "user": 5, "content_type": null, "object_id": "5", "object_repr": "Lynne Padmore", "action_flag": 2, "change_message": "[{\"changed\": {\"fields\": [\"Details\"]}}]"}}, {"model": "admin.logentry", "pk": 96, "fields": {"action_time": "2020-08-29T15:29:53.755Z", "user": 5, "content_type": null, "object_id": "2", "object_repr": "Adrianne Dexter", "action_flag": 2, "change_message": "[{\"changed\": {\"fields\": [\"Details\"]}}]"}}, {"model": "admin.logentry", "pk": 97, "fields": {"action_time": "2020-08-29T19:03:51.841Z", "user": 6, "content_type": null, "object_id": "6", "object_repr": "superadmin@email.com", "action_flag": 1, "change_message": "[{\"added\": {}}]"}}, {"model": "admin.logentry", "pk": 98, "fields": {"action_time": "2020-08-29T19:04:08.249Z", "user": 6, "content_type": null, "object_id": "1", "object_repr": "garycsimons@gmail.com", "action_flag": 2, "change_message": "[{\"changed\": {\"fields\": [\"Verified\", \"Primary\"]}}]"}}, {"model": "admin.logentry", "pk": 99, "fields": {"action_time": "2020-08-29T19:04:41.518Z", "user": 6, "content_type": null, "object_id": "6", "object_repr": "superadmin@email.com", "action_flag": 2, "change_message": "[]"}}, {"model": "admin.logentry", "pk": 100, "fields": {"action_time": "2020-08-31T12:51:36.500Z", "user": 5, "content_type": null, "object_id": "9", "object_repr": "test", "action_flag": 3, "change_message": ""}}, {"model": "admin.logentry", "pk": 101, "fields": {"action_time": "2020-08-31T12:51:36.528Z", "user": 5, "content_type": null, "object_id": "8", "object_repr": "test", "action_flag": 3, "change_message": ""}}, {"model": "admin.logentry", "pk": 102, "fields": {"action_time": "2020-08-31T12:51:36.552Z", "user": 5, "content_type": null, "object_id": "7", "object_repr": "test", "action_flag": 3, "change_message": ""}}, {"model": "admin.logentry", "pk": 103, "fields": {"action_time": "2020-08-31T12:51:36.571Z", "user": 5, "content_type": null, "object_id": "10", "object_repr": "test2", "action_flag": 3, "change_message": ""}}, {"model": "admin.logentry", "pk": 104, "fields": {"action_time": "2020-08-31T12:51:50.630Z", "user": 5, "content_type": null, "object_id": "1", "object_repr": "Leggings", "action_flag": 2, "change_message": "[{\"changed\": {\"fields\": [\"Image\"]}}]"}}, {"model": "admin.logentry", "pk": 105, "fields": {"action_time": "2020-08-31T15:18:45.352Z", "user": 5, "content_type": null, "object_id": "6", "object_repr": "Janet Fulton", "action_flag": 2, "change_message": "[{\"changed\": {\"fields\": [\"Story\"]}}]"}}, {"model": "admin.logentry", "pk": 106, "fields": {"action_time": "2020-08-31T15:23:34.079Z", "user": 5, "content_type": null, "object_id": "6", "object_repr": "Janet Fulton", "action_flag": 2, "change_message": "[{\"changed\": {\"fields\": [\"Details\"]}}]"}}, {"model": "admin.logentry", "pk": 107, "fields": {"action_time": "2020-08-31T15:25:12.681Z", "user": 5, "content_type": null, "object_id": "3", "object_repr": "Lara Todd", "action_flag": 2, "change_message": "[{\"changed\": {\"fields\": [\"Details\"]}}]"}}, {"model": "admin.logentry", "pk": 108, "fields": {"action_time": "2020-08-31T15:26:37.897Z", "user": 5, "content_type": null, "object_id": "2", "object_repr": "Adrianne Dexter", "action_flag": 2, "change_message": "[{\"changed\": {\"fields\": [\"Details\"]}}]"}}, {"model": "admin.logentry", "pk": 109, "fields": {"action_time": "2020-08-31T15:29:31.537Z", "user": 5, "content_type": null, "object_id": "4", "object_repr": "Rae Taylor", "action_flag": 2, "change_message": "[{\"changed\": {\"fields\": [\"Details\"]}}]"}}, {"model": "admin.logentry", "pk": 110, "fields": {"action_time": "2020-08-31T15:30:43.037Z", "user": 5, "content_type": null, "object_id": "5", "object_repr": "Lynne Padmore", "action_flag": 2, "change_message": "[{\"changed\": {\"fields\": [\"Details\"]}}]"}}, {"model": "admin.logentry", "pk": 111, "fields": {"action_time": "2020-08-31T15:35:00.699Z", "user": 5, "content_type": null, "object_id": "1", "object_repr": "Saturday 19 September", "action_flag": 2, "change_message": "[{\"changed\": {\"fields\": [\"Description\"]}}]"}}, {"model": "admin.logentry", "pk": 112, "fields": {"action_time": "2020-08-31T15:39:39.441Z", "user": 5, "content_type": null, "object_id": "2", "object_repr": "Sunday 20 September", "action_flag": 2, "change_message": "[{\"changed\": {\"fields\": [\"Description\"]}}]"}}, {"model": "admin.logentry", "pk": 113, "fields": {"action_time": "2020-08-31T15:43:08.744Z", "user": 5, "content_type": null, "object_id": "3", "object_repr": "Saturday 3 October", "action_flag": 2, "change_message": "[{\"changed\": {\"fields\": [\"Distance\", \"Description\"]}}]"}}, {"model": "admin.logentry", "pk": 114, "fields": {"action_time": "2020-08-31T15:46:15.635Z", "user": 5, "content_type": null, "object_id": "4", "object_repr": "Sunday 4 October", "action_flag": 2, "change_message": "[{\"changed\": {\"fields\": [\"Description\"]}}]"}}, {"model": "admin.logentry", "pk": 115, "fields": {"action_time": "2020-09-13T16:28:51.535Z", "user": 5, "content_type": 43, "object_id": "4", "object_repr": "Saturday 19 December", "action_flag": 2, "change_message": "[{\"changed\": {\"fields\": [\"Date\"]}}]"}}, {"model": "admin.logentry", "pk": 116, "fields": {"action_time": "2020-09-13T16:29:30.946Z", "user": 5, "content_type": 43, "object_id": "3", "object_repr": "Sunday 13 December", "action_flag": 2, "change_message": "[{\"changed\": {\"fields\": [\"Date\"]}}]"}}, {"model": "admin.logentry", "pk": 117, "fields": {"action_time": "2020-09-13T16:30:07.513Z", "user": 5, "content_type": 43, "object_id": "2", "object_repr": "Saturday 5 December", "action_flag": 2, "change_message": "[{\"changed\": {\"fields\": [\"Date\"]}}]"}}, {"model": "admin.logentry", "pk": 118, "fields": {"action_time": "2020-09-13T16:30:36.420Z", "user": 5, "content_type": 43, "object_id": "1", "object_repr": "Saturday 28 November", "action_flag": 2, "change_message": "[{\"changed\": {\"fields\": [\"Date\"]}}]"}}, {"model": "admin.logentry", "pk": 119, "fields": {"action_time": "2020-09-27T11:51:10.492Z", "user": 5, "content_type": 37, "object_id": "1", "object_repr": "Leggings", "action_flag": 2, "change_message": "[{\"changed\": {\"fields\": [\"Image\"]}}]"}}, {"model": "admin.logentry", "pk": 120, "fields": {"action_time": "2020-09-27T11:51:20.726Z", "user": 5, "content_type": 37, "object_id": "1", "object_repr": "Leggings", "action_flag": 2, "change_message": "[{\"changed\": {\"fields\": [\"Image\"]}}]"}}]